,Benign,Bot,DoS attacks-Hulk,DoS attacks-SlowHTTPTest
Benign,0.6413305420997542,0.0,0.35866945790024585,0.0
Bot,0.0,0.0,0.0,0.0
DoS attacks-Hulk,0.09854676299126942,0.0,0.9014532370087306,0.0
DoS attacks-SlowHTTPTest,0.0,0.0,0.0,0.0
