,precision,recall,f1-score,support
Benign,0.9675630514418971,0.6413305420997542,0.7713720022104866,164324.0
Bot,0.0,0.0,0.0,0.0
DoS attacks-Hulk,0.3541465766634523,0.9014532370087306,0.5085164467731911,35851.0
DoS attacks-SlowHTTPTest,0.0,0.0,0.0,0.0
accuracy,0.6879180716872736,0.6879180716872736,0.6879180716872736,0.6879180716872736
macro avg,0.3304274070263373,0.3856959447771212,0.3199721122459194,200175.0
weighted avg,0.857701210366428,0.6879180716872736,0.7242950219782774,200175.0
