{
    "meta": {
        "split_meta": {
            "split_mode": "row_order",
            "details": {}
        },
        "n_features": 48,
        "classes": [
            "Benign",
            "Bot",
            "DoS attacks-Hulk",
            "DoS attacks-SlowHTTPTest"
        ],
        "sequence_length": 20,
        "train_sequences": 934221,
        "val_sequences": 200175,
        "test_sequences": 200175,
        "epochs_ran": 12
    },
    "validation": {
        "accuracy": 0.8559210690645686,
        "f1_macro": 0.7656008181613769,
        "f1_weighted": 0.8455114671621992,
        "recall_macro": 0.7374326503561436,
        "per_class": {
            "0": {
                "precision": 0.8725860063645005,
                "recall": 0.9531782065834279,
                "f1": 0.9111033711120632,
                "support": 155056
            },
            "1": {
                "precision": 0.0,
                "recall": 0.0,
                "f1": 0.0,
                "support": 0
            },
            "2": {
                "precision": 0.7642704071692967,
                "recall": 0.5216870941288593,
                "f1": 0.6200982652106907,
                "support": 45119
            },
            "3": {
                "precision": 0.0,
                "recall": 0.0,
                "f1": 0.0,
                "support": 0
            }
        },
        "confusion_matrix": [
            [
                147796,
                0,
                7260,
                0
            ],
            [
                0,
                0,
                0,
                0
            ],
            [
                21581,
                0,
                23538,
                0
            ],
            [
                0,
                0,
                0,
                0
            ]
        ],
        "confusion_matrix_normalized_true": [
            [
                0.9531782065834279,
                0.0,
                0.046821793416572076,
                0.0
            ],
            [
                0.0,
                0.0,
                0.0,
                0.0
            ],
            [
                0.4783129058711408,
                0.0,
                0.5216870941288593,
                0.0
            ],
            [
                0.0,
                0.0,
                0.0,
                0.0
            ]
        ]
    },
    "test": {
        "accuracy": 0.8875134257524666,
        "f1_macro": 0.7863198499644938,
        "f1_weighted": 0.880695637689048,
        "recall_macro": 0.7581257636403421,
        "per_class": {
            "0": {
                "precision": 0.9084185363324789,
                "recall": 0.9597259073537645,
                "f1": 0.9333676600706066,
                "support": 164324
            },
            "1": {
                "precision": 0.0,
                "recall": 0.0,
                "f1": 0.0,
                "support": 0
            },
            "2": {
                "precision": 0.7509220925856229,
                "recall": 0.5565256199269197,
                "f1": 0.639272039858381,
                "support": 35851
            },
            "3": {
                "precision": 0.0,
                "recall": 0.0,
                "f1": 0.0,
                "support": 0
            }
        },
        "confusion_matrix": [
            [
                157706,
                0,
                6618,
                0
            ],
            [
                0,
                0,
                0,
                0
            ],
            [
                15899,
                0,
                19952,
                0
            ],
            [
                0,
                0,
                0,
                0
            ]
        ],
        "confusion_matrix_normalized_true": [
            [
                0.9597259073537645,
                0.0,
                0.040274092646235486,
                0.0
            ],
            [
                0.0,
                0.0,
                0.0,
                0.0
            ],
            [
                0.44347438007308027,
                0.0,
                0.5565256199269197,
                0.0
            ],
            [
                0.0,
                0.0,
                0.0,
                0.0
            ]
        ]
    },
    "test_classification_report": {
        "Benign": {
            "precision": 0.9084185363324789,
            "recall": 0.9597259073537645,
            "f1-score": 0.9333676600706066,
            "support": 164324.0
        },
        "Bot": {
            "precision": 0.0,
            "recall": 0.0,
            "f1-score": 0.0,
            "support": 0.0
        },
        "DoS attacks-Hulk": {
            "precision": 0.7509220925856229,
            "recall": 0.5565256199269197,
            "f1-score": 0.639272039858381,
            "support": 35851.0
        },
        "DoS attacks-SlowHTTPTest": {
            "precision": 0.0,
            "recall": 0.0,
            "f1-score": 0.0,
            "support": 0.0
        },
        "accuracy": 0.8875134257524666,
        "macro avg": {
            "precision": 0.41483515722952546,
            "recall": 0.37906288182017106,
            "f1-score": 0.3931599249822469,
            "support": 200175.0
        },
        "weighted avg": {
            "precision": 0.8802111927342847,
            "recall": 0.8875134257524666,
            "f1-score": 0.880695637689048,
            "support": 200175.0
        }
    }
}