{
    "LightGBM": {
        "accuracy": {
            "mean": 0.9998604999962498,
            "std": 9.565616081102564e-06
        },
        "f1_macro": {
            "mean": 0.9998488899122463,
            "std": 1.0256244883403138e-05
        },
        "f1_weighted": {
            "mean": 0.9998605157467284,
            "std": 9.56508899127598e-06
        },
        "recall_macro": {
            "mean": 0.9999060133434557,
            "std": 1.2005547564413302e-05
        }
    },
    "RandomForest": {
        "accuracy": {
            "mean": 0.9995534999884997,
            "std": 1.6447204264254325e-05
        },
        "f1_macro": {
            "mean": 0.9995597480942671,
            "std": 1.2466670790154166e-05
        },
        "f1_weighted": {
            "mean": 0.9995535608033532,
            "std": 1.645003607724195e-05
        },
        "recall_macro": {
            "mean": 0.9997356768724869,
            "std": 1.9428502533045143e-05
        }
    }
}